year,chemical,class,amount,total,share
2020,ammonia,Conventional,2649999.999999989,2649999.999999989,1.0
2020,ammonia,Electrification,0.0,2649999.999999989,0.0
2020,ammonia,Water electrolysis,0.0,2649999.999999989,0.0
2020,ammonia,CO2 utilisation,0.0,2649999.999999989,0.0
2020,ammonia,Plastic waste recycling,0.0,2649999.999999989,0.0
2020,ammonia,Bio-based feedstock,0.0,2649999.999999989,0.0
2020,ammonia,H2 network,0.0,2649999.999999989,0.0
2020,ammonia,Unknown,0.0,2649999.999999989,0.0
2020,methanol,Conventional,1129999.9999999977,1129999.9999999977,1.0
2020,methanol,Electrification,0.0,1129999.9999999977,0.0
2020,methanol,Water electrolysis,0.0,1129999.9999999977,0.0
2020,methanol,CO2 utilisation,0.0,1129999.9999999977,0.0
2020,methanol,Plastic waste recycling,0.0,1129999.9999999977,0.0
2020,methanol,Bio-based feedstock,0.0,1129999.9999999977,0.0
2020,methanol,H2 network,0.0,1129999.9999999977,0.0
2020,methanol,Unknown,0.0,1129999.9999999977,0.0
2020,ethylene,Conventional,11340975.788701393,11340975.788701393,1.0
2020,ethylene,Electrification,0.0,11340975.788701393,0.0
2020,ethylene,Water electrolysis,0.0,11340975.788701393,0.0
2020,ethylene,CO2 utilisation,0.0,11340975.788701393,0.0
2020,ethylene,Plastic waste recycling,0.0,11340975.788701393,0.0
2020,ethylene,Bio-based feedstock,0.0,11340975.788701393,0.0
2020,ethylene,H2 network,0.0,11340975.788701393,0.0
2020,ethylene,Unknown,0.0,11340975.788701393,0.0
2020,propylene,Conventional,5110000.0,5110000.0,1.0
2020,propylene,Electrification,0.0,5110000.0,0.0
2020,propylene,Water electrolysis,0.0,5110000.0,0.0
2020,propylene,CO2 utilisation,0.0,5110000.0,0.0
2020,propylene,Plastic waste recycling,0.0,5110000.0,0.0
2020,propylene,Bio-based feedstock,0.0,5110000.0,0.0
2020,propylene,H2 network,0.0,5110000.0,0.0
2020,propylene,Unknown,0.0,5110000.0,0.0
2025,ammonia,Conventional,2649795.521949442,2649999.9999999925,0.9999228384714904
2025,ammonia,Electrification,0.0,2649999.9999999925,0.0
2025,ammonia,Water electrolysis,204.47805055021482,2649999.9999999925,7.716152850951525e-05
2025,ammonia,CO2 utilisation,0.0,2649999.9999999925,0.0
2025,ammonia,Plastic waste recycling,0.0,2649999.9999999925,0.0
2025,ammonia,Bio-based feedstock,0.0,2649999.9999999925,0.0
2025,ammonia,H2 network,0.0,2649999.9999999925,0.0
2025,ammonia,Unknown,0.0,2649999.9999999925,0.0
2025,methanol,Conventional,896758.951726374,1129999.999999273,0.7935919926787176
2025,methanol,Electrification,0.0,1129999.999999273,0.0
2025,methanol,Water electrolysis,0.0,1129999.999999273,0.0
2025,methanol,CO2 utilisation,35.01832153345573,1129999.999999273,3.0989665073874565e-05
2025,methanol,Plastic waste recycling,233206.0299513657,1129999.999999273,0.20637701765620858
2025,methanol,Bio-based feedstock,0.0,1129999.999999273,0.0
2025,methanol,H2 network,0.0,1129999.999999273,0.0
2025,methanol,Unknown,0.0,1129999.999999273,0.0
2025,ethylene,Conventional,9978073.97857127,10210225.862586714,0.9772628062160585
2025,ethylene,Electrification,0.0,10210225.862586714,0.0
2025,ethylene,Water electrolysis,0.0,10210225.862586714,0.0
2025,ethylene,CO2 utilisation,0.0,10210225.862586714,0.0
2025,ethylene,Plastic waste recycling,208891.34189796084,10210225.862586714,0.020459032416060497
2025,ethylene,Bio-based feedstock,23260.54211748386,10210225.862586714,0.002278161367880936
2025,ethylene,H2 network,0.0,10210225.862586714,0.0
2025,ethylene,Unknown,0.0,10210225.862586714,0.0
2025,propylene,Conventional,4877499.488810159,5112499.862200026,0.9540341555552158
2025,propylene,Electrification,0.0,5112499.862200026,0.0
2025,propylene,Water electrolysis,0.0,5112499.862200026,0.0
2025,propylene,CO2 utilisation,0.0,5112499.862200026,0.0
2025,propylene,Plastic waste recycling,211454.42584762909,5112499.862200026,0.041360280009207745
2025,propylene,Bio-based feedstock,23545.947542238264,5112499.862200026,0.004605564435576513
2025,propylene,H2 network,0.0,5112499.862200026,0.0
2025,propylene,Unknown,0.0,5112499.862200026,0.0
2030,ammonia,Conventional,2296833.431827597,2649999.9999999925,0.8667295969160768
2030,ammonia,Electrification,0.0,2649999.9999999925,0.0
2030,ammonia,Water electrolysis,173.46630000000093,2649999.9999999925,6.545898113207601e-05
2030,ammonia,CO2 utilisation,0.0,2649999.9999999925,0.0
2030,ammonia,Plastic waste recycling,0.0,2649999.9999999925,0.0
2030,ammonia,Bio-based feedstock,0.0,2649999.9999999925,0.0
2030,ammonia,H2 network,352993.1018723958,2649999.9999999925,0.13320494410279124
2030,ammonia,Unknown,0.0,2649999.9999999925,0.0
2030,methanol,Conventional,1057983.9084855004,1130000.0000058291,0.9362689455575599
2030,methanol,Electrification,5.586898081919638e-08,1130000.0000058291,4.944157594593644e-14
2030,methanol,Water electrolysis,0.0,1130000.0000058291,0.0
2030,methanol,CO2 utilisation,22.928072398387105,1130000.0000058291,2.0290329555990113e-05
2030,methanol,Plastic waste recycling,71975.96344795219,1130000.0000058291,0.0636955428739654
2030,methanol,Bio-based feedstock,17.199999922348805,1130000.0000058291,1.5221238869256706e-05
2030,methanol,H2 network,0.0,1130000.0000058291,0.0
2030,methanol,Unknown,0.0,1130000.0000058291,0.0
2030,ethylene,Conventional,9518999.093586719,10027446.826748941,0.949294397472555
2030,ethylene,Electrification,91257.3671198988,10027446.826748941,0.00910075801912638
2030,ethylene,Water electrolysis,0.0,10027446.826748941,0.0
2030,ethylene,CO2 utilisation,117409.22417645219,10027446.826748941,0.011708785516892951
2030,ethylene,Plastic waste recycling,280692.79111966636,10027446.826748941,0.027992448722928952
2030,ethylene,Bio-based feedstock,19088.3507462057,10027446.826748941,0.001903610268496876
2030,ethylene,H2 network,0.0,10027446.826748941,0.0
2030,ethylene,Unknown,0.0,10027446.826748941,0.0
2030,propylene,Conventional,4735178.79911104,5249865.154765999,0.9019619855973425
2030,propylene,Electrification,92377.08941579568,5249865.154765999,0.017596088031315002
2030,propylene,Water electrolysis,0.0,5249865.154765999,0.0
2030,propylene,CO2 utilisation,118849.82815407733,5249865.154765999,0.022638643974727916
2030,propylene,Plastic waste recycling,284136.874446288,5249865.154765999,0.05412269954940448
2030,propylene,Bio-based feedstock,19322.563638797175,5249865.154765999,0.003680582847209994
2030,propylene,H2 network,0.0,5249865.154765999,0.0
2030,propylene,Unknown,0.0,5249865.154765999,0.0
2040,ammonia,Conventional,7815.740395523957,2649999.9999999925,0.0029493359983109356
2040,ammonia,Electrification,1710787.8367204869,2649999.9999999925,0.6455803157435818
2040,ammonia,Water electrolysis,397042.27682949154,2649999.9999999925,0.14982727427528025
2040,ammonia,CO2 utilisation,8011.295352934712,2649999.9999999925,0.0030231303218621643
2040,ammonia,Plastic waste recycling,0.0,2649999.9999999925,0.0
2040,ammonia,Bio-based feedstock,0.0,2649999.9999999925,0.0
2040,ammonia,H2 network,526342.8507015556,2649999.9999999925,0.19861994366096494
2040,ammonia,Unknown,0.0,2649999.9999999925,0.0
2040,methanol,Conventional,100851.60488971214,1130000.0000000065,0.08924920786700137
2040,methanol,Electrification,85525.7607525596,1130000.0000000065,0.07568651394031779
2040,methanol,Water electrolysis,0.0,1130000.0000000065,0.0
2040,methanol,CO2 utilisation,431860.76687790855,1130000.0000000065,0.3821776698034567
2040,methanol,Plastic waste recycling,509995.59712,1130000.0000000065,0.45132353727433366
2040,methanol,Bio-based feedstock,1766.2703598262772,1130000.0000000065,0.0015630711148905017
2040,methanol,H2 network,0.0,1130000.0000000065,0.0
2040,methanol,Unknown,0.0,1130000.0000000065,0.0
2040,ethylene,Conventional,8252958.9670841815,9964768.708851201,0.828213800863586
2040,ethylene,Electrification,1172796.2561229167,9964768.708851201,0.11769427774888352
2040,ethylene,Water electrolysis,0.0,9964768.708851201,0.0
2040,ethylene,CO2 utilisation,468248.14190804085,9964768.708851201,0.046990367322035244
2040,ethylene,Plastic waste recycling,46954.26313199999,9964768.708851201,0.004712027394102272
2040,ethylene,Bio-based feedstock,23811.080604061543,9964768.708851201,0.0023895266713929207
2040,ethylene,H2 network,0.0,9964768.708851201,0.0
2040,ethylene,Unknown,0.0,9964768.708851201,0.0
2040,propylene,Conventional,3870956.094503551,5603769.6367830485,0.6907771634819998
2040,propylene,Electrification,1187186.3942348545,5603769.6367830485,0.21185496035422
2040,propylene,Water electrolysis,0.0,5603769.6367830485,0.0
2040,propylene,CO2 utilisation,473993.5178823727,5603769.6367830485,0.08458476143828028
2040,propylene,Plastic waste recycling,47530.389059999994,5603769.6367830485,0.008481859915870082
2040,propylene,Bio-based feedstock,24103.24110227089,5603769.6367830485,0.004301254809629866
2040,propylene,H2 network,0.0,5603769.6367830485,0.0
2040,propylene,Unknown,0.0,5603769.6367830485,0.0
