node,scenario_year,scenario_label,technology_class,annual_cost
BEL1,2020,Today,Conventional,635275730.6114131
BEL1,2020,Today,Electrification,1249200.597276621
BEL1,2020,Today,Network connection,1890840.6383388175
BEL1,2020,Today,Others,149.83263178151157
BEL1,2025,Today opt.,Bio,20103662.8395358
BEL1,2025,Today opt.,Conventional,838500859.5030205
BEL1,2025,Today opt.,Electrification,6114594.283911837
BEL1,2025,Today opt.,MPW,12710350.59890723
BEL1,2025,Today opt.,Network connection,2711347.7940850216
BEL1,2025,Today opt.,Others,61675705.006488256
BEL1,2030,2030,Bio,15751760.840907905
BEL1,2030,2030,Conventional,833848179.8571556
BEL1,2030,2030,Electrification,5499924.3640184915
BEL1,2030,2030,MPW,9960346.303804422
BEL1,2030,2030,Network connection,2803380.062384783
BEL1,2030,2030,Others,68480765.17455666
BEL1,2040,2040,Bio,9670214.746837694
BEL1,2040,2040,Conventional,530377414.4573973
BEL1,2040,2040,Electrification,65046848.04641629
BEL1,2040,2040,MPW,6718566.98989516
BEL1,2040,2040,Network connection,4162974.030783275
BEL1,2040,2040,Others,60385994.83692289
BEL1,2050,2050,Bio,5936672.997668958
BEL1,2050,2050,Conventional,276270948.31730664
BEL1,2050,2050,DAC,41050456.875534914
BEL1,2050,2050,Electrification,175044521.3104043
BEL1,2050,2050,Electrolysis,269921772.5358046
BEL1,2050,2050,MPW,4124617.3198980824
BEL1,2050,2050,Network connection,16367720.994166506
BEL1,2050,2050,Others,76365583.49121685
BEL1,2050,2050,Storage,-0.06538738817503753
BEL2,2020,Today,Conventional,71700584.05361423
BEL2,2020,Today,Electrification,563957.6073500426
BEL2,2020,Today,Network connection,457177.3099742831
BEL2,2020,Today,Others,28.2281115737148
BEL2,2025,Today opt.,Conventional,71695724.65458354
BEL2,2025,Today opt.,Electrification,1062624.532558811
BEL2,2025,Today opt.,Network connection,445343.8222302078
BEL2,2025,Today opt.,Others,28.362909335835994
BEL2,2030,2030,Conventional,56175476.290784016
BEL2,2030,2030,Electrification,836077.7204520816
BEL2,2030,2030,Network connection,348938.5377925192
BEL2,2030,2030,Others,22.223081621800038
BEL2,2040,2040,Conventional,34486869.418876976
BEL2,2040,2040,Electrification,513279.1938649447
BEL2,2040,2040,Network connection,214249.1760691781
BEL2,2040,2040,Others,13.64305189875573
BEL2,2040,2040,Storage,150.15256570329035
BEL2,2050,2050,Conventional,6036957.472812759
BEL2,2050,2050,DAC,250402000.2896971
BEL2,2050,2050,Electrification,27639994.68805132
BEL2,2050,2050,Network connection,2487365.1290842067
BEL2,2050,2050,Others,21.889646067554573
BEL2,2050,2050,Storage,58679.20484770009
DE,2020,Today,Conventional,1025848112.2300627
DE,2020,Today,Electrification,2439097.9184174035
DE,2020,Today,Network connection,19707692.719434656
DE,2020,Today,Others,226.03200276989378
DE,2025,Today opt.,Conventional,1025850059.6831236
DE,2025,Today opt.,Electrification,2439142.8314393065
DE,2025,Today opt.,MPW,25891732.881108955
DE,2025,Today opt.,Network connection,19188824.101511657
DE,2025,Today opt.,Others,21322977.556634985
DE,2030,2030,Conventional,899180746.1838127
DE,2030,2030,Electrification,2112622.477462552
DE,2030,2030,MPW,20285952.133559357
DE,2030,2030,Network connection,16797701.348833684
DE,2030,2030,Others,38002988.13877853
DE,2040,2040,Bio,1937813.0360222321
DE,2040,2040,Conventional,688974811.8266207
DE,2040,2040,Electrification,384063335.6100954
DE,2040,2040,MPW,13686116.719799533
DE,2040,2040,Network connection,61352055.059856296
DE,2040,2040,Others,119417311.62676528
DE,2040,2040,Storage,45.44031694179917
DE,2050,2050,Bio,1189649.1056981047
DE,2050,2050,Conventional,715009630.5820802
DE,2050,2050,Electrification,320814316.3737378
DE,2050,2050,MPW,8402705.615378223
DE,2050,2050,Network connection,53354625.57951736
DE,2050,2050,Others,199722312.67489114
DE,2050,2050,Storage,-1.2742864694519342
NL1,2020,Today,Conventional,840927685.9751736
NL1,2020,Today,Electrification,3662682.2911748462
NL1,2020,Today,Network connection,27909173.88679239
NL1,2020,Today,Others,173.10289271177203
NL1,2025,Today opt.,Conventional,945738250.4671998
NL1,2025,Today opt.,Electrification,3842144.9538545716
NL1,2025,Today opt.,Network connection,29451534.7787462
NL1,2025,Today opt.,Others,28260027.425385267
NL1,2030,2030,Conventional,758075182.2117364
NL1,2030,2030,Electrification,3010426.2092324146
NL1,2030,2030,Network connection,20310958.09787625
NL1,2030,2030,Others,35839361.081305236
NL1,2040,2040,Bio,88142.17611225104
NL1,2040,2040,Conventional,548244392.1923999
NL1,2040,2040,DAC,487533360.42307
NL1,2040,2040,Electrification,218579131.8374166
NL1,2040,2040,MPW,2300724.6999833407
NL1,2040,2040,Network connection,73093720.79181072
NL1,2040,2040,Others,90445465.71212444
NL1,2040,2040,Storage,4.336527045254783
NL1,2050,2050,Bio,54410.29240309513
NL1,2050,2050,Conventional,263083023.75658837
NL1,2050,2050,DAC,691961488.9267553
NL1,2050,2050,Electrification,288912377.2436283
NL1,2050,2050,Electrolysis,185250150.29628363
NL1,2050,2050,MPW,2518412.544087467
NL1,2050,2050,Network connection,124769841.13180575
NL1,2050,2050,Others,71661408.1739399
NL1,2050,2050,Storage,0.2838283489762247
NL2,2020,Today,Conventional,478067168.7044337
NL2,2020,Today,Electrification,1521645.6067096046
NL2,2020,Today,Network connection,13403271.107838515
NL2,2020,Today,Others,105.44980196697935
NL2,2025,Today opt.,Conventional,654161364.5170412
NL2,2025,Today opt.,Electrification,1871344.562988462
NL2,2025,Today opt.,MPW,5627924.143910461
NL2,2025,Today opt.,Network connection,16085320.694012536
NL2,2025,Today opt.,Others,45352436.02032063
NL2,2030,2030,Conventional,516546488.407356
NL2,2030,2030,Electrification,1470110.719836213
NL2,2030,2030,Electrolysis,29099003.966887362
NL2,2030,2030,MPW,4411211.1980177555
NL2,2030,2030,Network connection,18723941.205284342
NL2,2030,2030,Others,36561562.93558268
NL2,2030,2030,Storage,0.00040369316725488475
NL2,2040,2040,Bio,101289.2324174826
NL2,2040,2040,Conventional,269319507.76939404
NL2,2040,2040,Electrification,229312131.45277083
NL2,2040,2040,Electrolysis,17863384.520817123
NL2,2040,2040,MPW,4102228.661072818
NL2,2040,2040,Network connection,44126092.769483395
NL2,2040,2040,Others,81861988.75140686
NL2,2040,2040,Storage,7.458389903557292
NL2,2050,2050,Bio,62188.72311360254
NL2,2050,2050,Conventional,131835323.82325643
NL2,2050,2050,Electrification,255248353.7236464
NL2,2050,2050,Electrolysis,90558620.43086393
NL2,2050,2050,MPW,2518517.3100493015
NL2,2050,2050,Network connection,67809694.61787704
NL2,2050,2050,Others,69791051.22524713
NL2,2050,2050,Storage,3.1616145346815103
NL3,2020,Today,Conventional,180555243.52890486
NL3,2020,Today,Electrification,944952.6418570667
NL3,2020,Today,Network connection,6489283.4621257195
NL3,2020,Today,Others,45.44917933457283
NL3,2025,Today opt.,Bio,497827.39602977515
NL3,2025,Today opt.,Conventional,180566027.24858811
NL3,2025,Today opt.,Electrification,3117323.7635414964
NL3,2025,Today opt.,MPW,9309090.565274328
NL3,2025,Today opt.,Network connection,5988058.945974617
NL3,2025,Today opt.,Others,47.27040157822307
NL3,2030,2030,Bio,390241.2466672014
NL3,2030,2030,Conventional,141478207.12452552
NL3,2030,2030,Electrification,2442393.4212257387
NL3,2030,2030,MPW,7439674.8807998765
NL3,2030,2030,Network connection,4700100.781214323
NL3,2030,2030,Others,37.04457210531166
NL3,2040,2040,Bio,239574.27340726354
NL3,2040,2040,Conventional,19465025.046056945
NL3,2040,2040,DAC,34550112.630738996
NL3,2040,2040,Electrification,50685583.42997351
NL3,2040,2040,MPW,4568123.692785436
NL3,2040,2040,Network connection,9223657.084464073
NL3,2040,2040,Others,24.030928128100612
NL3,2050,2050,Bio,147077.82165211652
NL3,2050,2050,Conventional,11949836.856277185
NL3,2050,2050,DAC,347566047.901584
NL3,2050,2050,Electrification,35632671.77175915
NL3,2050,2050,MPW,2804431.6788145346
NL3,2050,2050,Network connection,25114393.435148057
NL3,2050,2050,Others,27.503012156276192
NL3,2050,2050,Storage,0.17450480769904628
NL4,2020,Today,Conventional,438508911.3954885
NL4,2020,Today,Electrification,862280.058297137
NL4,2020,Today,Network connection,9950330.623433502
NL4,2020,Today,Others,103.42429450405226
NL4,2025,Today opt.,Conventional,705704072.2855026
NL4,2025,Today opt.,Electrification,7746289.6229969375
NL4,2025,Today opt.,MPW,15001427.829338811
NL4,2025,Today opt.,Network connection,21165738.42488068
NL4,2025,Today opt.,Others,69784035.42144339
NL4,2030,2030,Bio,463125.4884137977
NL4,2030,2030,Conventional,496122701.08532566
NL4,2030,2030,Electrification,12367595.196520083
NL4,2030,2030,MPW,23548534.422212735
NL4,2030,2030,Network connection,26125355.0286267
NL4,2030,2030,Others,112025781.04261896
NL4,2040,2040,Bio,283888.5898756591
NL4,2040,2040,Conventional,326414699.3528141
NL4,2040,2040,DAC,419767329.5541094
NL4,2040,2040,Electrification,118262961.23439783
NL4,2040,2040,MPW,14457579.641924452
NL4,2040,2040,Network connection,52400827.4547859
NL4,2040,2040,Others,79102164.21714014
NL4,2040,2040,Storage,-0.6222436683692611
NL4,2050,2050,Bio,174282.9678536641
NL4,2050,2050,Conventional,79452110.35045859
NL4,2050,2050,DAC,1503553841.0683231
NL4,2050,2050,Electrification,244292832.3639883
NL4,2050,2050,Electrolysis,6726871.478042768
NL4,2050,2050,MPW,8875699.756298484
NL4,2050,2050,Network connection,124769840.42263635
NL4,2050,2050,Others,63465952.01138277
NL4,2050,2050,Storage,-0.03192986780407098
